{
    "Dummy": {
        "testFP": 0, 
        "trainScore": 0.5307104443815455, 
        "trainReport": "             precision    recall  f1-score   support\n\n          0       0.53      1.00      0.69     11250\n          1       0.00      0.00      0.00      9948\n\navg / total       0.28      0.53      0.37     21198\n", 
        "testFscore": 0.3679176394027508, 
        "testTN": 3750, 
        "trainFscore": 0.3680037289997773, 
        "trainTN": 3750, 
        "trainPrecision": 0.2816535757756574, 
        "testScore": 0.5306353473892741, 
        "trainTP": 0, 
        "testTP": 0, 
        "testReport": "             precision    recall  f1-score   support\n\n          0       0.53      1.00      0.69      3750\n          1       0.00      0.00      0.00      3317\n\navg / total       0.28      0.53      0.37      7067\n", 
        "testRecall": 0.5306353473892741, 
        "trainFP": 0, 
        "trainRecall": 0.5307104443815455, 
        "testPrecision": 0.2815738718989356, 
        "testFN": 3317, 
        "trainFN": 3317
    }, 
    "Decision Tree": {
        "testFP": 918, 
        "trainScore": 0.8467779979243325, 
        "trainReport": "             precision    recall  f1-score   support\n\n          0       0.95      0.75      0.84     11250\n          1       0.77      0.95      0.85      9948\n\navg / total       0.87      0.85      0.85     21198\n", 
        "testFscore": 0.8487891657352546, 
        "testTN": 2832, 
        "trainFscore": 0.8459685285172146, 
        "trainTN": 2832, 
        "trainPrecision": 0.8659600802478877, 
        "testScore": 0.8495825668600537, 
        "trainTP": 3172, 
        "testTP": 3172, 
        "testReport": "             precision    recall  f1-score   support\n\n          0       0.95      0.76      0.84      3750\n          1       0.78      0.96      0.86      3317\n\navg / total       0.87      0.85      0.85      7067\n", 
        "testRecall": 0.8495825668600537, 
        "trainFP": 918, 
        "trainRecall": 0.8467779979243325, 
        "testPrecision": 0.8688056369588257, 
        "testFN": 145, 
        "trainFN": 145
    }, 
    "Naive Bayes": {
        "testFP": 10, 
        "trainScore": 0.5332578545145769, 
        "trainReport": "             precision    recall  f1-score   support\n\n          0       1.00      0.12      0.22     11250\n          1       0.50      1.00      0.67      9948\n\navg / total       0.77      0.53      0.43     21198\n", 
        "testFscore": 0.43905958863258326, 
        "testTN": 3740, 
        "trainFscore": 0.42760155728301613, 
        "trainTN": 3740, 
        "trainPrecision": 0.7659938079181037, 
        "testScore": 0.5633224847884534, 
        "trainTP": 241, 
        "testTP": 241, 
        "testReport": "             precision    recall  f1-score   support\n\n          0       0.55      1.00      0.71      3750\n          1       0.96      0.07      0.14      3317\n\navg / total       0.74      0.56      0.44      7067\n", 
        "testRecall": 0.5633224847884534, 
        "trainFP": 10, 
        "trainRecall": 0.5332578545145769, 
        "testPrecision": 0.7418292141335665, 
        "testFN": 3076, 
        "trainFN": 3076
    }, 
    "Linear SVM": {
        "testFP": 273, 
        "trainScore": 0.923436173223889, 
        "trainReport": "             precision    recall  f1-score   support\n\n          0       0.92      0.94      0.93     11250\n          1       0.93      0.91      0.92      9948\n\navg / total       0.92      0.92      0.92     21198\n", 
        "testFscore": 0.9066337901733809, 
        "testTN": 3477, 
        "trainFscore": 0.9233941719191622, 
        "trainTN": 3477, 
        "trainPrecision": 0.923467385115721, 
        "testScore": 0.9067496816187915, 
        "trainTP": 2931, 
        "testTP": 2931, 
        "testReport": "             precision    recall  f1-score   support\n\n          0       0.90      0.93      0.91      3750\n          1       0.91      0.88      0.90      3317\n\navg / total       0.91      0.91      0.91      7067\n", 
        "testRecall": 0.9067496816187915, 
        "trainFP": 273, 
        "trainRecall": 0.923436173223889, 
        "testPrecision": 0.9069849932479707, 
        "testFN": 386, 
        "trainFN": 386
    }, 
    "Neural Net": {
        "testFP": 259, 
        "trainScore": 0.9332012454005095, 
        "trainReport": "             precision    recall  f1-score   support\n\n          0       0.93      0.94      0.94     11250\n          1       0.93      0.93      0.93      9948\n\navg / total       0.93      0.93      0.93     21198\n", 
        "testFscore": 0.917735203134808, 
        "testTN": 3491, 
        "trainFscore": 0.9331864772447548, 
        "trainTN": 3491, 
        "trainPrecision": 0.9331933281489588, 
        "testScore": 0.9177868968444884, 
        "trainTP": 2995, 
        "testTP": 2995, 
        "testReport": "             precision    recall  f1-score   support\n\n          0       0.92      0.93      0.92      3750\n          1       0.92      0.90      0.91      3317\n\navg / total       0.92      0.92      0.92      7067\n", 
        "testRecall": 0.9177868968444884, 
        "trainFP": 259, 
        "trainRecall": 0.9332012454005095, 
        "testPrecision": 0.9178301650682683, 
        "testFN": 322, 
        "trainFN": 322
    }, 
    "RBF SVM": {
        "testFP": 11, 
        "trainScore": 0.5830267006321351, 
        "trainReport": "             precision    recall  f1-score   support\n\n          0       0.56      1.00      0.72     11250\n          1       0.99      0.11      0.20      9948\n\navg / total       0.76      0.58      0.48     21198\n", 
        "testFscore": 0.4184121778848462, 
        "testTN": 3739, 
        "trainFscore": 0.4758622006833471, 
        "trainTN": 3739, 
        "trainPrecision": 0.7615593136486627, 
        "testScore": 0.5529927833592755, 
        "trainTP": 169, 
        "testTP": 169, 
        "testReport": "             precision    recall  f1-score   support\n\n          0       0.54      1.00      0.70      3750\n          1       0.94      0.05      0.10      3317\n\navg / total       0.73      0.55      0.42      7067\n", 
        "testRecall": 0.5529927833592755, 
        "trainFP": 11, 
        "trainRecall": 0.5830267006321351, 
        "testPrecision": 0.7287668625006138, 
        "testFN": 3148, 
        "trainFN": 3148
    }, 
    "AdaBoost": {
        "testFP": 423, 
        "trainScore": 0.8948957448815926, 
        "trainReport": "             precision    recall  f1-score   support\n\n          0       0.91      0.88      0.90     11250\n          1       0.87      0.91      0.89      9948\n\navg / total       0.90      0.89      0.89     21198\n", 
        "testFscore": 0.8964955567542342, 
        "testTN": 3327, 
        "trainFscore": 0.8949775951748177, 
        "trainTN": 3327, 
        "trainPrecision": 0.8956287307820641, 
        "testScore": 0.8964199801896137, 
        "trainTP": 3008, 
        "testTP": 3008, 
        "testReport": "             precision    recall  f1-score   support\n\n          0       0.92      0.89      0.90      3750\n          1       0.88      0.91      0.89      3317\n\navg / total       0.90      0.90      0.90      7067\n", 
        "testRecall": 0.8964199801896137, 
        "trainFP": 423, 
        "trainRecall": 0.8948957448815926, 
        "testPrecision": 0.8970378768513749, 
        "testFN": 309, 
        "trainFN": 309
    }, 
    "Logistic Regression": {
        "testFP": 347, 
        "trainScore": 0.9078686668553637, 
        "trainReport": "             precision    recall  f1-score   support\n\n          0       0.92      0.91      0.91     11250\n          1       0.90      0.91      0.90      9948\n\navg / total       0.91      0.91      0.91     21198\n", 
        "testFscore": 0.9010852172560736, 
        "testTN": 3403, 
        "trainFscore": 0.9078875981763092, 
        "trainTN": 3403,