{
    "AdaBoost,FN": 309, 
    "AdaBoost,FP": 423, 
    "AdaBoost,Fscore": 0.8964955567542342, 
    "AdaBoost,Precision": 0.8970378768513749, 
    "AdaBoost,Recall": 0.8964199801896137, 
    "AdaBoost,Score": 0.8964199801896137, 
    "AdaBoost,TN": 3327, 
    "AdaBoost,TP": 3008, 
    "Decision Tree,FN": 145, 
    "Decision Tree,FP": 918, 
    "Decision Tree,Fscore": 0.8487891657352546, 
    "Decision Tree,Precision": 0.8688056369588257, 
    "Decision Tree,Recall": 0.8495825668600537, 
    "Decision Tree,Score": 0.8495825668600537, 
    "Decision Tree,TN": 2832, 
    "Decision Tree,TP": 3172, 
    "Dummy,FN": 3317, 
    "Dummy,FP": 0, 
    "Dummy,Fscore": 0.3679176394027508, 
    "Dummy,Precision": 0.2815738718989356, 
    "Dummy,Recall": 0.5306353473892741, 
    "Dummy,Score": 0.5306353473892741, 
    "Dummy,TN": 3750, 
    "Dummy,TP": 0, 
    "Linear SVM,FN": 386, 
    "Linear SVM,FP": 273, 
    "Linear SVM,Fscore": 0.9066337901733809, 
    "Linear SVM,Precision": 0.9069849932479707, 
    "Linear SVM,Recall": 0.9067496816187915, 
    "Linear SVM,Score": 0.9067496816187915, 
    "Linear SVM,TN": 3477, 
    "Linear SVM,TP": 2931, 
    "Logistic Regression,FN": 352, 
    "Logistic Regression,FP": 347, 
    "Logistic Regression,Fscore": 0.9010852172560736, 
    "Logistic Regression,Precision": 0.9010817681805307, 
    "Logistic Regression,Recall": 0.9010895712466394, 
    "Logistic Regression,Score": 0.9010895712466394, 
    "Logistic Regression,TN": 3403, 
    "Logistic Regression,TP": 2965, 
    "Naive Bayes,FN": 3076, 
    "Naive Bayes,FP": 10, 
    "Naive Bayes,Fscore": 0.43905958863258326, 
    "Naive Bayes,Precision": 0.7418292141335665, 
    "Naive Bayes,Recall": 0.5633224847884534, 
    "Naive Bayes,Score": 0.5633224847884534, 
    "Naive Bayes,TN": 3740, 
    "Naive Bayes,TP": 241, 
    "Nearest Neighbors,FN": 360, 
    "Nearest Neighbors,FP": 295, 
    "Nearest Neighbors,Fscore": 0.9072553199400258, 
    "Nearest Neighbors,Precision": 0.9073492728692819, 
    "Nearest Neighbors,Recall": 0.9073156926560068, 
    "Nearest Neighbors,Score": 0.9073156926560068, 
    "Nearest Neighbors,TN": 3455, 
    "Nearest Neighbors,TP": 2957, 
    "Neural Net,FN": 322, 
    "Neural Net,FP": 259, 
    "Neural Net,Fscore": 0.917735203134808, 
    "Neural Net,Precision": 0.9178301650682683, 
    "Neural Net,Recall": 0.9177868968444884, 
    "Neural Net,Score": 0.9177868968444884, 
    "Neural Net,TN": 3491, 
    "Neural Net,TP": 2995, 
    "RBF SVM,FN": 3148, 
    "RBF SVM,FP": 11, 
    "RBF SVM,Fscore": 0.4184121778848462, 
    "RBF SVM,Precision": 0.7287668625006138, 
    "RBF SVM,Recall": 0.5529927833592755, 
    "RBF SVM,Score": 0.5529927833592755, 
    "RBF SVM,TN": 3739, 
    "RBF SVM,TP": 169, 
    "Random Forest,FN": 3156, 
    "Random Forest,FP": 7, 
    "Random Forest,Fscore": 0.4163917496666584, 
    "Random Forest,Precision": 0.7376999656289887, 
    "Random Forest,Recall": 0.5524267723220603, 
    "Random Forest,Score": 0.5524267723220603, 
    "Random Forest,TN": 3743, 
    "Random Forest,TP": 161
}