{
    "AdaBoost,ConfMat3": [
        [
            28, 
            0, 
            0, 
            0, 
            0, 
            0, 
            1, 
            3, 
            0, 
            0
        ], 
        [
            0, 
            15, 
            0, 
            1, 
            0, 
            0, 
            0, 
            1, 
            1, 
            0
        ], 
        [
            0, 
            0, 
            1, 
            1, 
            0, 
            0, 
            0, 
            1, 
            0, 
            0
        ]
    ], 
    "AdaBoost,ConfMat7": [
        [
            1, 
            3, 
            0, 
            13, 
            1, 
            1, 
            0, 
            3, 
            0, 
            0
        ], 
        [
            0, 
            1, 
            0, 
            0, 
            0, 
            0, 
            0, 
            1, 
            0, 
            0
        ], 
        [
            1, 
            0, 
            0, 
            4, 
            0, 
            0, 
            0, 
            0, 
            0, 
            0
        ], 
        [
            0, 
            1, 
            0, 
            0, 
            0, 
            0, 
            11, 
            6, 
            0, 
            0
        ]
    ], 
    "AdaBoost,Fscore": 0.6594160685771596, 
    "AdaBoost,Precision": 0.6617281648994899, 
    "AdaBoost,Recall": 0.6716417910447762, 
    "AdaBoost,Score": 0.6716417910447762, 
    "Decision Tree,ConfMat3": [
        [
            26, 
            1, 
            0, 
            0, 
            0, 
            0, 
            0, 
            5, 
            0, 
            0
        ], 
        [
            0, 
            14, 
            0, 
            1, 
            0, 
            0, 
            0, 
            2, 
            1, 
            0
        ], 
        [
            0, 
            0, 
            0, 
            2, 
            0, 
            0, 
            0, 
            1, 
            0, 
            0
        ]
    ], 
    "Decision Tree,ConfMat7": [
        [
            1, 
            2, 
            1, 
            14, 
            1, 
            0, 
            0, 
            3, 
            0, 
            0
        ], 
        [
            0, 
            0, 
            0, 
            0, 
            0, 
            1, 
            0, 
            1, 
            0, 
            0
        ], 
        [
            1, 
            0, 
            0, 
            3, 
            0, 
            0, 
            0, 
            1, 
            0, 
            0
        ], 
        [
            0, 
            0, 
            1, 
            1, 
            0, 
            0, 
            7, 
            9, 
            0, 
            0
        ]
    ], 
    "Decision Tree,Fscore": 0.6455915040171325, 
    "Decision Tree,Precision": 0.6764193737196371, 
    "Decision Tree,Recall": 0.6567164179104478, 
    "Decision Tree,Score": 0.6567164179104478, 
    "Dummy,ConfMat3": [
        [
            0, 
            0, 
            0, 
            0, 
            0, 
            0, 
            0, 
            0, 
            0, 
            32
        ], 
        [
            0, 
            0, 
            0, 
            0, 
            0, 
            0, 
            0, 
            0, 
            0, 
            18
        ], 
        [
            0, 
            0, 
            0, 
            0, 
            0, 
            0, 
            0, 
            0, 
            0, 
            3
        ]
    ], 
    "Dummy,ConfMat7": [
        [
            0, 
            0, 
            0, 
            0, 
            0, 
            0, 
            0, 
            0, 
            0, 
            22
        ], 
        [
            0, 
            0, 
            0, 
            0, 
            0, 
            0, 
            0, 
            0, 
            0, 
            2
        ], 
        [
            0, 
            0, 
            0, 
            0, 
            0, 
            0, 
            0, 
            0, 
            0, 
            5
        ], 
        [
            0, 
            0, 
            0, 
            0, 
            0, 
            0, 
            0, 
            0, 
            0, 
            18
        ]
    ], 
    "Dummy,Fscore": 0.0038379530916844346, 
    "Dummy,Precision": 0.0020049008687903764, 
    "Dummy,Recall": 0.04477611940298507, 
    "Dummy,Score": 0.04477611940298507, 
    "Linear SVM,ConfMat3": [
        [
            26, 
            0, 
            0, 
            1, 
            0, 
            0, 
            0, 
            5, 
            0, 
            0
        ], 
        [
            0, 
            17, 
            0, 
            0, 
            0, 
            0, 
            0, 
            1, 
            0, 
            0
        ], 
        [
            0, 
            0, 
            0, 
            0, 
            0, 
            1, 
            0, 
            2, 
            0, 
            0
        ]
    ], 
    "Linear SVM,ConfMat7": [
        [
            3, 
            0, 
            0, 
            9, 
            0, 
            0, 
            0, 
            9, 
            0, 
            1
        ], 
        [
            0, 
            0, 
            0, 
            0, 
            0, 
            1, 
            0, 
            1, 
            0, 
            0
        ], 
        [
            1, 
            0, 
            0, 
            1, 
            0, 
            0, 
            0, 
            3, 
            0, 
            0
        ], 
        [
            0, 
            0, 
            0, 
            0, 
            1, 
            0, 
            10, 
            7, 
            0, 
            0
        ]
    ], 
    "Linear SVM,Fscore": 0.6243890869268938, 
    "Linear SVM,Precision": 0.6488432529024761, 
    "Linear SVM,Recall": 0.6343283582089553, 
    "Linear SVM,Score": 0.6343283582089553, 
    "Logistic Regression,ConfMat3": [
        [
            25, 
            1, 
            0, 
            0, 
            0, 
            0, 
            1, 
            5, 
            0, 
            0
        ], 
        [
            0, 
            17, 
            0, 
            0, 
            0, 
            0, 
            0, 
            1, 
            0, 
            0
        ], 
        [
            0, 
            0, 
            0, 
            1, 
            0, 
            0, 
            0, 
            2, 
            0, 
            0
        ]
    ], 
    "Logistic Regression,ConfMat7": [
        [
            2, 
            0, 
            0, 
            14, 
            1, 
            0, 
            0, 
            4, 
            0, 
            1
        ], 
        [
            0, 
            0, 
            0, 
            0, 
            0, 
            1, 
            0, 
            1, 
            0, 
            0
        ], 
        [
            0, 
            0, 
            0, 
            4, 
            0, 
            1, 
            0, 
            0, 
            0, 
            0
        ], 
        [
            0, 
            1, 
            0, 
            0, 
            0, 
            0, 
            11, 
            6, 
            0, 
            0
        ]
    ], 
    "Logistic Regression,Fscore": 0.6668958427896297, 
    "Logistic Regression,Precision": 0.6751389158105575, 
    "Logistic Regression,Recall": 0.6791044776119403, 
    "Logistic Regression,Score": 0.6791044776119403,