{
    "results": {
        "1gram534": {
            "my": {
                "justc": {
                    "OneVsRestClassifier": {
                        "J48": {
                            "report": "             precision    recall  f1-score   support\n\n        0.0       0.26      0.38      0.31        48\n        1.0       0.43      0.21      0.28        29\n        2.0       0.45      0.51      0.48        43\n        3.0       0.10      0.25      0.14         4\n        4.0       0.33      0.32      0.33        34\n        5.0       0.57      0.80      0.67        10\n        6.0       0.00      0.00      0.00         1\n        7.0       0.00      0.00      0.00         4\n        8.0       0.39      0.23      0.29        30\n        9.0       0.33      0.09      0.14        11\n\navg / total       0.36      0.35      0.34       214\n", 
                            "recall": 0.34579439252336447, 
                            "score": 0.34579439252336447, 
                            "precision": 0.34579439252336447, 
                            "fscore": 0.34579439252336447
                        }, 
                        "Naive Bayes": {
                            "report": "             precision    recall  f1-score   support\n\n        0.0       0.00      0.00      0.00        48\n        1.0       0.86      0.21      0.33        29\n        2.0       0.50      0.02      0.04        43\n        3.0       0.00      0.00      0.00         4\n        4.0       0.40      0.06      0.10        34\n        5.0       0.38      0.30      0.33        10\n        6.0       0.00      0.00      0.00         1\n        7.0       0.00      0.00      0.00         4\n        8.0       0.00      0.00      0.00        30\n        9.0       0.06      1.00      0.12        11\n\navg / total       0.30      0.11      0.09       214\n", 
                            "recall": 0.10747663551401869, 
                            "score": 0.10747663551401869, 
                            "precision": 0.10747663551401869, 
                            "fscore": 0.10747663551401869
                        }, 
                        "Linear SVM": {
                            "report": "             precision    recall  f1-score   support\n\n        0.0       0.29      0.12      0.17        48\n        1.0       0.73      0.28      0.40        29\n        2.0       0.36      0.58      0.45        43\n        3.0       0.00      0.00      0.00         4\n        4.0       0.41      0.62      0.49        34\n        5.0       0.40      0.80      0.53        10\n        6.0       0.00      0.00      0.00         1\n        7.0       0.00      0.00      0.00         4\n        8.0       0.23      0.17      0.19        30\n        9.0       0.43      0.27      0.33        11\n\navg / total       0.37      0.36      0.33       214\n", 
                            "recall": 0.35514018691588783, 
                            "score": 0.35514018691588783, 
                            "precision": 0.35514018691588783, 
                            "fscore": 0.35514018691588783
                        }, 
                        "Neural Net": {
                            "report": "             precision    recall  f1-score   support\n\n        0.0       0.24      0.33      0.28        48\n        1.0       0.46      0.45      0.46        29\n        2.0       0.39      0.47      0.43        43\n        3.0       0.00      0.00      0.00         4\n        4.0       0.53      0.53      0.53        34\n        5.0       0.54      0.70      0.61        10\n        6.0       0.00      0.00      0.00         1\n        7.0       0.00      0.00      0.00         4\n        8.0       0.36      0.13      0.20        30\n        9.0       0.25      0.18      0.21        11\n\navg / total       0.37      0.37      0.36       214\n", 
                            "recall": 0.37383177570093457, 
                            "score": 0.37383177570093457, 
                            "precision": 0.37383177570093457, 
                            "fscore": 0.37383177570093457
                        }, 
                        "RBF SVM": {
                            "report": "             precision    recall  f1-score   support\n\n        0.0       0.24      0.75      0.36        48\n        1.0       1.00      0.03      0.07        29\n        2.0       0.40      0.05      0.08        43\n        3.0       0.00      0.00      0.00         4\n        4.0       0.64      0.26      0.37        34\n        5.0       0.27      0.40      0.32        10\n        6.0       0.00      0.00      0.00         1\n        7.0       0.00      0.00      0.00         4\n        8.0       0.33      0.17      0.22        30\n        9.0       0.00      0.00      0.00        11\n\navg / total       0.43      0.27      0.21       214\n", 
                            "recall": 0.26635514018691586, 
                            "score": 0.26635514018691586, 
                            "precision": 0.26635514018691586, 
                            "fscore": 0.26635514018691586
                        }, 
                        "AdaBoost": {
                            "report": "             precision    recall  f1-score   support\n\n        0.0       0.22      0.29      0.25        48\n        1.0       0.45      0.31      0.37        29\n        2.0       0.37      0.47      0.41        43\n        3.0       0.00      0.00      0.00         4\n        4.0       0.49      0.56      0.52        34\n        5.0       0.57      0.80      0.67        10\n        6.0       0.00      0.00      0.00         1\n        7.0       0.00      0.00      0.00         4\n        8.0       0.20      0.07      0.10        30\n        9.0       0.33      0.09      0.14        11\n\navg / total       0.33      0.34      0.32       214\n", 
                            "recall": 0.34112149532710279, 
                            "score": 0.34112149532710279, 
                            "precision": 0.34112149532710279, 
                            "fscore": 0.34112149532710279
                        }, 
                        "Random Forest": {
                            "report": "             precision    recall  f1-score   support\n\n        0.0       0.24      0.35      0.29        48\n        1.0       0.50      0.24      0.33        29\n        2.0       0.36      0.53      0.43        43\n        3.0       0.00      0.00      0.00         4\n        4.0       0.37      0.59      0.45        34\n        5.0       0.55      0.60      0.57        10\n        6.0       0.00      0.00      0.00         1\n        7.0       0.00      0.00      0.00         4\n        8.0       0.00      0.00      0.00        30\n        9.0       0.00      0.00      0.00        11\n\navg / total       0.28      0.34      0.29       214\n", 
                            "recall": 0.34112149532710279, 
                            "score": 0.34112149532710279, 
                            "precision": 0.34112149532710279, 
                            "fscore": 0.34112149532710279
                        }, 
                        "Nearest Neighbors": {
                            "report": "             precision    recall  f1-score   support\n\n        0.0       0.24      0.23      0.24        48\n        1.0       0.20      0.03      0.06        29\n        2.0       0.40      0.42      0.41        43\n        3.0       0.00      0.00      0.00         4\n        4.0       0.27      0.32      0.29        34\n        5.0       0.57      0.80      0.67        10\n        6.0       0.25      1.00      0.40         1\n        7.0       0.00      0.00      0.00         4\n        8.0       0.19      0.17      0.18        30\n        9.0       0.16      0.27      0.20        11\n\navg / total       0.27      0.27      0.26       214\n", 
                            "recall": 0.27102803738317754,