{
    "results": {
        "1gram534": {
            "google": {
                "justc": {
                    "OneVsRestClassifier": {
                        "J48": {
                            "report": "             precision    recall  f1-score   support\n\n        0.0       0.00      0.00      0.00         2\n        1.0       0.00      0.00      0.00         0\n        2.0       0.17      0.08      0.11        13\n        4.0       0.00      0.00      0.00         1\n        5.0       0.00      0.00      0.00         1\n        6.0       0.00      0.00      0.00         0\n        7.0       0.00      0.00      0.00         1\n        8.0       0.00      0.00      0.00         2\n        9.0       0.00      0.00      0.00         2\n       12.0       0.00      0.00      0.00         1\n       13.0       0.00      0.00      0.00         3\n       14.0       0.00      0.00      0.00         3\n       15.0       0.37      0.35      0.36        52\n       16.0       0.00      0.00      0.00         7\n       17.0       0.00      0.00      0.00         4\n       18.0       0.60      0.74      0.66       121\n       19.0       0.00      0.00      0.00         1\n\navg / total       0.44      0.50      0.47       214\n", 
                            "recall": 0.50467289719626163, 
                            "score": 0.50467289719626163, 
                            "precision": 0.50467289719626163, 
                            "fscore": 0.50467289719626163
                        }, 
                        "Naive Bayes": {
                            "report": "             precision    recall  f1-score   support\n\n        0.0       0.00      0.00      0.00         2\n        2.0       0.00      0.00      0.00        13\n        4.0       0.00      0.00      0.00         1\n        5.0       0.00      0.00      0.00         1\n        7.0       0.00      0.00      0.00         1\n        8.0       0.00      0.00      0.00         2\n        9.0       0.00      0.00      0.00         2\n       12.0       0.00      0.00      0.00         1\n       13.0       0.00      0.00      0.00         3\n       14.0       0.00      0.00      0.00         3\n       15.0       0.29      0.17      0.22        52\n       16.0       0.00      0.00      0.00         7\n       17.0       0.03      1.00      0.05         4\n       18.0       0.50      0.02      0.05       121\n       19.0       0.00      0.00      0.00         1\n\navg / total       0.35      0.07      0.08       214\n", 
                            "recall": 0.07476635514018691, 
                            "score": 0.07476635514018691, 
                            "precision": 0.07476635514018691, 
                            "fscore": 0.07476635514018691
                        }, 
                        "Linear SVM": {
                            "report": "             precision    recall  f1-score   support\n\n        0.0       0.00      0.00      0.00         2\n        1.0       0.00      0.00      0.00         0\n        2.0       0.00      0.00      0.00        13\n        3.0       0.00      0.00      0.00         0\n        4.0       0.00      0.00      0.00         1\n        5.0       0.00      0.00      0.00         1\n        7.0       0.00      0.00      0.00         1\n        8.0       0.00      0.00      0.00         2\n        9.0       0.00      0.00      0.00         2\n       11.0       0.00      0.00      0.00         0\n       12.0       0.00      0.00      0.00         1\n       13.0       0.00      0.00      0.00         3\n       14.0       0.00      0.00      0.00         3\n       15.0       0.37      0.29      0.32        52\n       16.0       0.00      0.00      0.00         7\n       17.0       0.00      0.00      0.00         4\n       18.0       0.59      0.77      0.67       121\n       19.0       0.00      0.00      0.00         1\n\navg / total       0.42      0.50      0.46       214\n", 
                            "recall": 0.50467289719626163, 
                            "score": 0.50467289719626163, 
                            "precision": 0.50467289719626163, 
                            "fscore": 0.50467289719626163
                        }, 
                        "Neural Net": {
                            "report": "             precision    recall  f1-score   support\n\n        0.0       0.00      0.00      0.00         2\n        1.0       0.00      0.00      0.00         0\n        2.0       0.14      0.08      0.10        13\n        4.0       0.00      0.00      0.00         1\n        5.0       0.00      0.00      0.00         1\n        7.0       0.00      0.00      0.00         1\n        8.0       0.00      0.00      0.00         2\n        9.0       0.00      0.00      0.00         2\n       11.0       0.00      0.00      0.00         0\n       12.0       0.00      0.00      0.00         1\n       13.0       0.00      0.00      0.00         3\n       14.0       0.00      0.00      0.00         3\n       15.0       0.33      0.31      0.32        52\n       16.0       0.00      0.00      0.00         7\n       17.0       0.00      0.00      0.00         4\n       18.0       0.60      0.74      0.66       121\n       19.0       1.00      1.00      1.00         1\n\navg / total       0.43      0.50      0.46       214\n", 
                            "recall": 0.50467289719626163, 
                            "score": 0.50467289719626163, 
                            "precision": 0.50467289719626163, 
                            "fscore": 0.50467289719626163
                        }, 
                        "RBF SVM": {
                            "report": "             precision    recall  f1-score   support\n\n        0.0       0.00      0.00      0.00         2\n        2.0       0.00      0.00      0.00        13\n        4.0       0.00      0.00      0.00         1\n        5.0       0.00      0.00      0.00         1\n        7.0       0.00      0.00      0.00         1\n        8.0       0.00      0.00      0.00         2\n        9.0       0.00      0.00      0.00         2\n       12.0       0.00      0.00      0.00         1\n       13.0       0.00      0.00      0.00         3\n       14.0       0.00      0.00      0.00         3\n       15.0       0.12      0.02      0.03        52\n       16.0       0.00      0.00      0.00         7\n       17.0       0.00      0.00      0.00         4\n       18.0       0.56      0.79      0.66       121\n       19.0       0.00      0.00      0.00         1\n\navg / total       0.35      0.45      0.38       214\n", 
                            "recall": 0.45327102803738317, 
                            "score": 0.45327102803738317, 
                            "precision": 0.45327102803738317, 
                            "fscore": 0.45327102803738317
                        },