{
    "AdaBoost,FN": 207, 
    "AdaBoost,FP": 409, 
    "AdaBoost,Fscore": 0.8935310683029754, 
    "AdaBoost,Precision": 0.8951321123929243, 
    "AdaBoost,Recall": 0.8941580756013746, 
    "AdaBoost,Score": 0.8941580756013746, 
    "AdaBoost,TN": 2119, 
    "AdaBoost,TP": 3085, 
    "Decision Tree,FN": 217, 
    "Decision Tree,FP": 500, 
    "Decision Tree,Fscore": 0.8756904170777595, 
    "Decision Tree,Precision": 0.8789047858898386, 
    "Decision Tree,Recall": 0.8768041237113402, 
    "Decision Tree,Score": 0.8768041237113402, 
    "Decision Tree,TN": 2028, 
    "Decision Tree,TP": 3075, 
    "Dummy,FN": 0, 
    "Dummy,FP": 2528, 
    "Dummy,Fscore": 0.4087078253366279, 
    "Dummy,Precision": 0.3199437890435871, 
    "Dummy,Recall": 0.5656357388316151, 
    "Dummy,Score": 0.5656357388316151, 
    "Dummy,TN": 0, 
    "Dummy,TP": 3292, 
    "Linear SVM,FN": 212, 
    "Linear SVM,FP": 327, 
    "Linear SVM,Fscore": 0.9071054847244887, 
    "Linear SVM,Precision": 0.9075487911063665, 
    "Linear SVM,Recall": 0.9073883161512027, 
    "Linear SVM,Score": 0.9073883161512027, 
    "Linear SVM,TN": 2201, 
    "Linear SVM,TP": 3080, 
    "Logistic Regression,FN": 244, 
    "Logistic Regression,FP": 314, 
    "Logistic Regression,Fscore": 0.9039550015698627, 
    "Logistic Regression,Precision": 0.9040530990243653, 
    "Logistic Regression,Recall": 0.9041237113402062, 
    "Logistic Regression,Score": 0.9041237113402062, 
    "Logistic Regression,TN": 2214, 
    "Logistic Regression,TP": 3048, 
    "Naive Bayes,FN": 3000, 
    "Naive Bayes,FP": 14, 
    "Naive Bayes,Fscore": 0.36338187608336386, 
    "Naive Bayes,Precision": 0.7377968331072763, 
    "Naive Bayes,Recall": 0.48213058419243987, 
    "Naive Bayes,Score": 0.48213058419243987, 
    "Naive Bayes,TN": 2514, 
    "Naive Bayes,TP": 292, 
    "Nearest Neighbors,FN": 247, 
    "Nearest Neighbors,FP": 272, 
    "Nearest Neighbors,Fscore": 0.9107718403624805, 
    "Nearest Neighbors,Precision": 0.9107530937575684, 
    "Nearest Neighbors,Recall": 0.9108247422680412, 
    "Nearest Neighbors,Score": 0.9108247422680412, 
    "Nearest Neighbors,TN": 2256, 
    "Nearest Neighbors,TP": 3045, 
    "Neural Net,FN": 190, 
    "Neural Net,FP": 280, 
    "Neural Net,Fscore": 0.9190567101632566, 
    "Neural Net,Precision": 0.9193191179455591, 
    "Neural Net,Recall": 0.9192439862542955, 
    "Neural Net,Score": 0.9192439862542955, 
    "Neural Net,TN": 2248, 
    "Neural Net,TP": 3102, 
    "RBF SVM,FN": 299, 
    "RBF SVM,FP": 418, 
    "RBF SVM,Fscore": 0.8764129483527309, 
    "RBF SVM,Precision": 0.876771957255946, 
    "RBF SVM,Recall": 0.8768041237113402, 
    "RBF SVM,Score": 0.8768041237113402, 
    "RBF SVM,TN": 2110, 
    "RBF SVM,TP": 2993, 
    "Random Forest,FN": 0, 
    "Random Forest,FP": 2528, 
    "Random Forest,Fscore": 0.4087078253366279, 
    "Random Forest,Precision": 0.3199437890435871, 
    "Random Forest,Recall": 0.5656357388316151, 
    "Random Forest,Score": 0.5656357388316151, 
    "Random Forest,TN": 0, 
    "Random Forest,TP": 3292
}