{
    "AdaBoost,FN": 349, 
    "AdaBoost,FP": 236, 
    "AdaBoost,Fscore": 0.8991470711839744, 
    "AdaBoost,Precision": 0.899523425388931, 
    "AdaBoost,Recall": 0.8994672624162228, 
    "AdaBoost,Score": 0.8994672624162228, 
    "AdaBoost,TN": 2152, 
    "AdaBoost,TP": 3082, 
    "Decision Tree,FN": 598, 
    "Decision Tree,FP": 154, 
    "Decision Tree,Fscore": 0.868526047500779, 
    "Decision Tree,Precision": 0.8771845180891664, 
    "Decision Tree,Recall": 0.8707681732256402, 
    "Decision Tree,Score": 0.8707681732256402, 
    "Decision Tree,TN": 1903, 
    "Decision Tree,TP": 3164, 
    "Dummy,FN": 2501, 
    "Dummy,FP": 0, 
    "Dummy,Fscore": 0.4141243592528414, 
    "Dummy,Precision": 0.3251292550690163, 
    "Dummy,Recall": 0.5702010654751676, 
    "Dummy,Score": 0.5702010654751676, 
    "Dummy,TN": 0, 
    "Dummy,TP": 3318, 
    "Linear SVM,FN": 295, 
    "Linear SVM,FP": 246, 
    "Linear SVM,Fscore": 0.9069095493378375, 
    "Linear SVM,Precision": 0.9069216622003282, 
    "Linear SVM,Recall": 0.9070286990891906, 
    "Linear SVM,Score": 0.9070286990891906, 
    "Linear SVM,TN": 2206, 
    "Linear SVM,TP": 3072, 
    "Logistic Regression,FN": 205, 
    "Logistic Regression,FP": 565, 
    "Logistic Regression,Fscore": 0.8683217793348597, 
    "Logistic Regression,Precision": 0.8756048690510405, 
    "Logistic Regression,Recall": 0.8676748582230623, 
    "Logistic Regression,Score": 0.8676748582230623, 
    "Logistic Regression,TN": 2296, 
    "Logistic Regression,TP": 2753, 
    "Naive Bayes,FN": 11, 
    "Naive Bayes,FP": 3116, 
    "Naive Bayes,Fscore": 0.3292582455744014, 
    "Naive Bayes,Precision": 0.7316565499580436, 
    "Naive Bayes,Recall": 0.46262244371885203, 
    "Naive Bayes,Score": 0.46262244371885203, 
    "Naive Bayes,TN": 2490, 
    "Naive Bayes,TP": 202, 
    "Nearest Neighbors,FN": 204, 
    "Nearest Neighbors,FP": 350, 
    "Nearest Neighbors,Fscore": 0.9050737984846298, 
    "Nearest Neighbors,Precision": 0.9064985760303876, 
    "Nearest Neighbors,Recall": 0.9047946382539955, 
    "Nearest Neighbors,Score": 0.9047946382539955, 
    "Nearest Neighbors,TN": 2297, 
    "Nearest Neighbors,TP": 2968, 
    "Neural Net,FN": 237, 
    "Neural Net,FP": 233, 
    "Neural Net,Fscore": 0.9192221156616202, 
    "Neural Net,Precision": 0.9192150064205882, 
    "Neural Net,Recall": 0.9192301082660251, 
    "Neural Net,Score": 0.9192301082660251, 
    "Neural Net,TN": 2264, 
    "Neural Net,TP": 3085, 
    "RBF SVM,FN": 380, 
    "RBF SVM,FP": 312, 
    "RBF SVM,Fscore": 0.8808628633353041, 
    "RBF SVM,Precision": 0.880892133504883, 
    "RBF SVM,Recall": 0.8810792232342327, 
    "RBF SVM,Score": 0.8810792232342327, 
    "RBF SVM,TN": 2121, 
    "RBF SVM,TP": 3006, 
    "Random Forest,FN": 2501, 
    "Random Forest,FP": 0, 
    "Random Forest,Fscore": 0.4141243592528414, 
    "Random Forest,Precision": 0.3251292550690163, 
    "Random Forest,Recall": 0.5702010654751676, 
    "Random Forest,Score": 0.5702010654751676, 
    "Random Forest,TN": 0, 
    "Random Forest,TP": 3318
}