{
    "Dummy": {
        "testFP": 2528, 
        "trainScore": 0.5720013747279185, 
        "trainReport": "             precision    recall  f1-score   support\n\n          0       0.00      0.00      0.00      7472\n          1       0.57      1.00      0.73      9986\n\navg / total       0.33      0.57      0.42     17458\n", 
        "testFscore": 0.4087078253366279, 
        "testTN": 0, 
        "trainFscore": 0.41626626789338245, 
        "trainTN": 0, 
        "trainPrecision": 0.3271855726906286, 
        "testScore": 0.5656357388316151, 
        "trainTP": 9986, 
        "testTP": 3292, 
        "testReport": "             precision    recall  f1-score   support\n\n          0       0.00      0.00      0.00      2528\n          1       0.57      1.00      0.72      3292\n\navg / total       0.32      0.57      0.41      5820\n", 
        "testRecall": 0.5656357388316151, 
        "trainFP": 7472, 
        "trainRecall": 0.5720013747279185, 
        "testPrecision": 0.3199437890435871, 
        "testFN": 0, 
        "trainFN": 0
    }, 
    "Decision Tree": {
        "testFP": 500, 
        "trainScore": 0.8820025203345171, 
        "trainReport": "             precision    recall  f1-score   support\n\n          0       0.90      0.81      0.85      7472\n          1       0.87      0.93      0.90      9986\n\navg / total       0.88      0.88      0.88     17458\n", 
        "testFscore": 0.8756904170777595, 
        "testTN": 2028, 
        "trainFscore": 0.8810040731979568, 
        "trainTN": 6062, 
        "trainPrecision": 0.8834987571950991, 
        "testScore": 0.8768041237113402, 
        "trainTP": 9336, 
        "testTP": 3075, 
        "testReport": "             precision    recall  f1-score   support\n\n          0       0.90      0.80      0.85      2528\n          1       0.86      0.93      0.90      3292\n\navg / total       0.88      0.88      0.88      5820\n", 
        "testRecall": 0.8768041237113402, 
        "trainFP": 1410, 
        "trainRecall": 0.8820025203345171, 
        "testPrecision": 0.8789047858898386, 
        "testFN": 217, 
        "trainFN": 650
    }, 
    "Naive Bayes": {
        "testFP": 14, 
        "trainScore": 0.6212624584717608, 
        "trainReport": "             precision    recall  f1-score   support\n\n          0       1.00      0.12      0.21      7472\n          1       0.60      1.00      0.75      9986\n\navg / total       0.77      0.62      0.52     17458\n", 
        "testFscore": 0.36338187608336386, 
        "testTN": 2514, 
        "trainFscore": 0.5183686262780295, 
        "trainTN": 864, 
        "trainPrecision": 0.7701925093776675, 
        "testScore": 0.48213058419243987, 
        "trainTP": 9982, 
        "testTP": 292, 
        "testReport": "             precision    recall  f1-score   support\n\n          0       0.46      0.99      0.63      2528\n          1       0.95      0.09      0.16      3292\n\navg / total       0.74      0.48      0.36      5820\n", 
        "testRecall": 0.48213058419243987, 
        "trainFP": 6608, 
        "trainRecall": 0.6212624584717608, 
        "testPrecision": 0.7377968331072763, 
        "testFN": 3000, 
        "trainFN": 4
    }, 
    "Linear SVM": {
        "testFP": 327, 
        "trainScore": 0.9222705922786115, 
        "trainReport": "             precision    recall  f1-score   support\n\n          0       0.93      0.89      0.91      7472\n          1       0.92      0.95      0.93      9986\n\navg / total       0.92      0.92      0.92     17458\n", 
        "testFscore": 0.9071054847244887, 
        "testTN": 2201, 
        "trainFscore": 0.9220205252942255, 
        "trainTN": 6626, 
        "trainPrecision": 0.9224695830179556, 
        "testScore": 0.9073883161512027, 
        "trainTP": 9475, 
        "testTP": 3080, 
        "testReport": "             precision    recall  f1-score   support\n\n          0       0.91      0.87      0.89      2528\n          1       0.90      0.94      0.92      3292\n\navg / total       0.91      0.91      0.91      5820\n", 
        "testRecall": 0.9073883161512027, 
        "trainFP": 846, 
        "trainRecall": 0.9222705922786115, 
        "testPrecision": 0.9075487911063665, 
        "testFN": 212, 
        "trainFN": 511
    }, 
    "Neural Net": {
        "testFP": 280, 
        "trainScore": 0.9364188337724826, 
        "trainReport": "             precision    recall  f1-score   support\n\n          0       0.93      0.92      0.93      7472\n          1       0.94      0.95      0.94      9986\n\navg / total       0.94      0.94      0.94     17458\n", 
        "testFscore": 0.9190567101632566, 
        "testTN": 2248, 
        "trainFscore": 0.9363478170656769, 
        "trainTN": 6854, 
        "trainPrecision": 0.9363765423013147, 
        "testScore": 0.9192439862542955, 
        "trainTP": 9494, 
        "testTP": 3102, 
        "testReport": "             precision    recall  f1-score   support\n\n          0       0.92      0.89      0.91      2528\n          1       0.92      0.94      0.93      3292\n\navg / total       0.92      0.92      0.92      5820\n", 
        "testRecall": 0.9192439862542955, 
        "trainFP": 618, 
        "trainRecall": 0.9364188337724826, 
        "testPrecision": 0.9193191179455591, 
        "testFN": 190, 
        "trainFN": 492
    }, 
    "RBF SVM": {
        "testFP": 418, 
        "trainScore": 0.9090388360636957, 
        "trainReport": "             precision    recall  f1-score   support\n\n          0       0.93      0.85      0.89      7472\n          1       0.89      0.96      0.92      9986\n\navg / total       0.91      0.91      0.91     17458\n", 
        "testFscore": 0.8764129483527309, 
        "testTN": 2110, 
        "trainFscore": 0.9083560439514484, 
        "trainTN": 6333, 
        "trainPrecision": 0.9106388724195611, 
        "testScore": 0.8768041237113402, 
        "trainTP": 9537, 
        "testTP": 2993, 
        "testReport": "             precision    recall  f1-score   support\n\n          0       0.88      0.83      0.85      2528\n          1       0.88      0.91      0.89      3292\n\navg / total       0.88      0.88      0.88      5820\n", 
        "testRecall": 0.8768041237113402, 
        "trainFP": 1139, 
        "trainRecall": 0.9090388360636957, 
        "testPrecision": 0.876771957255946, 
        "testFN": 299, 
        "trainFN": 449
    }, 
    "AdaBoost": {
        "testFP": 409, 
        "trainScore": 0.8952915568793677, 
        "trainReport": "             precision    recall  f1-score   support\n\n          0       0.90      0.84      0.87      7472\n          1       0.89      0.93      0.91      9986\n\navg / total       0.90      0.90      0.89     17458\n", 
        "testFscore": 0.8935310683029754, 
        "testTN": 2119, 
        "trainFscore": 0.8947704322732395, 
        "trainTN": 6313, 
        "trainPrecision": 0.8957074032596065, 
        "testScore": 0.8941580756013746, 
        "trainTP": 9317, 
        "testTP": 3085, 
        "testReport": "             precision    recall  f1-score   support\n\n          0       0.91      0.84      0.87      2528\n          1       0.88      0.94      0.91      3292\n\navg / total       0.90      0.89      0.89      5820\n", 
        "testRecall": 0.8941580756013746, 
        "trainFP": 1159, 
        "trainRecall": 0.8952915568793677, 
        "testPrecision": 0.8951321123929243, 
        "testFN": 207, 
        "trainFN": 669
    }, 
    "Logistic Regression": {
        "testFP": 314, 
        "trainScore": 0.916256157635468, 
        "trainReport": "             precision    recall  f1-score   support\n\n          0       0.91      0.89      0.90      7472\n          1       0.92      0.94      0.93      9986\n\navg / total       0.92      0.92      0.92     17458\n", 
        "testFscore": 0.9039550015698627, 
        "testTN": 2214, 
        "trainFscore": 0.9160800354636214, 
        "trainTN": 6627,