{
    "Dummy": {
        "trainScore": 0.5676805865841783, 
        "trainReport": "precision    recall  f1-score   support

          				0       0.00      0.00      0.00      7547
          				1       0.57      1.00      0.72      9910

          				avg / total       0.32      0.57      0.41     17457", 
        "trainFscore": 0.41113126123062127, 
        "trainPrecision": 0.32226124838455678, 
        "testScore": 0.57844990548204156, 
        "testFscore": 0.42396567922755618, 
        "testReport": "precision    recall  f1-score   support

          				0       0.00      0.00      0.00      2453
          				1       0.58      1.00      0.73      3366

          				avg / total       0.33      0.58      0.42      5819", 
        "testRecall": 0.57844990548204156, 
        "testPrecision": 0.33460429315218282, 
        "trainRecall": 0.5676805865841783
    }, 
    "Decision Tree": {
        "trainScore": 0.99747952110901072, 
        "trainReport": "precision    recall  f1-score   support

          				0       0.99      1.00      1.00      7547
          				1       1.00      1.00      1.00      9910

          				avg / total       1.00      1.00      1.00     17457", 
        "trainFscore": 0.99748038018095386, 
        "trainPrecision": 0.99749413065600112, 
        "testScore": 0.99725038666437538, 
        "testFscore": 0.99725158046486939, 
        "testReport": "precision    recall  f1-score   support

          				0       0.99      1.00      1.00      2453
          				1       1.00      1.00      1.00      3366

          				avg / total       1.00      1.00      1.00      5819", 
        "testRecall": 0.99725038666437538, 
        "testPrecision": 0.99726820513880632, 
        "trainRecall": 0.99747952110901072
    }, 
    "Naive Bayes": {
        "trainScore": 0.61889213496018791, 
        "trainReport": "precision    recall  f1-score   support

          				0       1.00      0.12      0.21      7547
          				1       0.60      1.00      0.75      9910

          				avg / total       0.77      0.62      0.52     17457", 
        "trainFscore": 0.51659056983305673, 
        "trainPrecision": 0.77197494762153374, 
        "testScore": 0.99536002749613339, 
        "testFscore": 0.99536191833399257, 
        "testReport": "precision    recall  f1-score   support

          				0       0.99      1.00      0.99      2453
          				1       1.00      0.99      1.00      3366

          				avg / total       1.00      1.00      1.00      5819", 
        "testRecall": 0.99536002749613339, 
        "testPrecision": 0.99537734594553628, 
        "trainRecall": 0.61889213496018791
    }, 
    "Linear SVM": {
        "trainScore": 0.99742223749785186, 
        "trainReport": "precision    recall  f1-score   support

          				0       0.99      1.00      1.00      7547
          				1       1.00      1.00      1.00      9910

          				avg / total       1.00      1.00      1.00     17457", 
        "trainFscore": 0.99742313566086405, 
        "trainPrecision": 0.99743751664861524, 
        "testScore": 0.99725038666437538, 
        "testFscore": 0.99725158046486939, 
        "testReport": "precision    recall  f1-score   support

          				0       0.99      1.00      1.00      2453
          				1       1.00      1.00      1.00      3366

          				avg / total       1.00      1.00      1.00      5819", 
        "testRecall": 0.99725038666437538, 
        "testPrecision": 0.99726820513880632, 
        "trainRecall": 0.99742223749785186
    }, 
    "Neural Net": {
        "trainScore": 0.99696396860858105, 
        "trainReport": "precision    recall  f1-score   support

          				0       0.99      1.00      1.00      7547
          				1       1.00      0.99      1.00      9910

          				avg / total       1.00      1.00      1.00     17457", 
        "trainFscore": 0.99696511841607227, 
        "trainPrecision": 0.99698224499062849, 
        "testScore": 0.99639113249699263, 
        "testFscore": 0.99639298662269926, 
        "testReport": "precision    recall  f1-score   support

          				0       0.99      1.00      1.00      2453
          				1       1.00      0.99      1.00      3366

          				avg / total       1.00      1.00      1.00      5819", 
        "testRecall": 0.99639113249699263, 
        "testPrecision": 0.99641657414631757, 
        "trainRecall": 0.99696396860858105
    }, 
    "RBF SVM": {
        "trainScore": 0.99948444749957033, 
        "trainReport": "precision    recall  f1-score   support

          				0       1.00      1.00      1.00      7547
          				1       1.00      1.00      1.00      9910

          				avg / total       1.00      1.00      1.00     17457", 
        "trainFscore": 0.99948448400456147, 
        "trainPrecision": 0.99948506157745598, 
        "testScore": 0.85031792404193163, 
        "testFscore": 0.84284669526035194, 
        "testReport": "precision    recall  f1-score   support

          				0       1.00      0.65      0.78      2453
          				1       0.79      1.00      0.89      3366

          				avg / total       0.88      0.85      0.84      5819", 
        "testRecall": 0.85031792404193163, 
        "testPrecision": 0.88034974299899549, 
        "trainRecall": 0.99948444749957033
    }, 
    "AdaBoost": {
        "trainScore": 0.99656298333046911, 
        "trainReport": "precision    recall  f1-score   support

          				0       0.99      1.00      1.00      7547
          				1       1.00      1.00      1.00      9910

          				avg / total       1.00      1.00      1.00     17457", 
        "trainFscore": 0.99656373413630339, 
        "trainPrecision": 0.99656970300232506, 
        "testScore": 0.9967348341639457, 
        "testFscore": 0.99673616475355031, 
        "testReport": "precision    recall  f1-score   support

          				0       0.99      1.00      1.00      2453
          				1       1.00      0.99      1.00      3366

          				avg / total       1.00      1.00      1.00      5819", 
        "testRecall": 0.9967348341639457, 
        "testPrecision": 0.99675105172312872, 
        "trainRecall": 0.99656298333046911
    }, 
    "Logistic Regression": {
        "trainScore": 0.997364953886693, 
        "trainReport": "precision    recall  f1-score   support

          				0       0.99      1.00      1.00      7547
          				1       1.00      1.00      1.00      9910

          				avg / total       1.00      1.00      1.00     17457", 
        "trainFscore": 0.99736581194966045, 
        "trainPrecision": 0.997378415419644, 
        "testScore": 0.99707853583089878, 
        "testFscore": 0.99707972635843967, 
        "testReport": "precision    recall  f1-score   support

          				0       0.99      1.00      1.00      2453
          				1       1.00      1.00      1.00      3366

          				avg / total       1.00      1.00      1.00      5819", 
        "testRecall": 0.99707853583089878, 
        "testPrecision": 0.99709447816752672, 
        "trainRecall": 0.997364953886693
    }, 
    "Random Forest": {
        "trainScore": 0.56819613908460787, 
        "trainReport": "precision    recall  f1-score   support

          				0       1.00      0.00      0.00      7547
          				1       0.57      1.00      0.72      9910

          				avg / total       0.75      0.57      0.41     17457", 
        "trainFscore": 0.41229638850889427, 
        "trainPrecision": 0.7547468900921861, 
        "testScore": 0.57844990548204156, 
        "testFscore": 0.42396567922755618, 
        "testReport": "precision    recall  f1-score   support

          				0       0.00      0.00      0.00      2453
          				1       0.58      1.00      0.73      3366

          				avg / total       0.33      0.58      0.42      5819", 
        "testRecall": 0.57844990548204156, 
        "testPrecision": 0.33460429315218282, 
        "trainRecall": 0.56819613908460787
    },