{
    "Dummy": {
        "testFP": 0, 
        "trainScore": 0.570380979661988, 
        "trainReport": "             precision    recall  f1-score   support\n\n          0       0.00      0.00      0.00      7499\n          1       0.57      1.00      0.73      9956\n\navg / total       0.33      0.57      0.41     17455\n", 
        "testFscore": 0.4141243592528414, 
        "testTN": 0, 
        "trainFscore": 0.41433826080878133, 
        "trainTN": 0, 
        "trainPrecision": 0.32533446196016913, 
        "testScore": 0.5702010654751676, 
        "trainTP": 9956, 
        "testTP": 3318, 
        "testReport": "             precision    recall  f1-score   support\n\n          0       0.00      0.00      0.00      2501\n          1       0.57      1.00      0.73      3318\n\navg / total       0.33      0.57      0.41      5819\n", 
        "testRecall": 0.5702010654751676, 
        "trainFP": 0, 
        "trainRecall": 0.570380979661988, 
        "testPrecision": 0.3251292550690163, 
        "testFN": 2501, 
        "trainFN": 7499
    }, 
    "Decision Tree": {
        "testFP": 154, 
        "trainScore": 0.8682898882841593, 
        "trainReport": "             precision    recall  f1-score   support\n\n          0       0.93      0.75      0.83      7499\n          1       0.83      0.96      0.89      9956\n\navg / total       0.88      0.87      0.87     17455\n", 
        "testFscore": 0.868526047500779, 
        "testTN": 1903, 
        "trainFscore": 0.8656028973522277, 
        "trainTN": 5603, 
        "trainPrecision": 0.876715387726215, 
        "testScore": 0.8707681732256402, 
        "trainTP": 9553, 
        "testTP": 3164, 
        "testReport": "             precision    recall  f1-score   support\n\n          0       0.93      0.76      0.84      2501\n          1       0.84      0.95      0.89      3318\n\navg / total       0.88      0.87      0.87      5819\n", 
        "testRecall": 0.8707681732256402, 
        "trainFP": 403, 
        "trainRecall": 0.8682898882841593, 
        "testPrecision": 0.8771845180891664, 
        "testFN": 598, 
        "trainFN": 1896
    }, 
    "Naive Bayes": {
        "testFP": 3116, 
        "trainScore": 0.6203953022056717, 
        "trainReport": "             precision    recall  f1-score   support\n\n          0       1.00      0.12      0.21      7499\n          1       0.60      1.00      0.75      9956\n\navg / total       0.77      0.62      0.52     17455\n", 
        "testFscore": 0.3292582455744014, 
        "testTN": 2490, 
        "trainFscore": 0.517848125902464, 
        "trainTN": 877, 
        "trainPrecision": 0.7701585589272907, 
        "testScore": 0.46262244371885203, 
        "trainTP": 9952, 
        "testTP": 202, 
        "testReport": "             precision    recall  f1-score   support\n\n          0       0.44      1.00      0.61      2501\n          1       0.95      0.06      0.11      3318\n\navg / total       0.73      0.46      0.33      5819\n", 
        "testRecall": 0.46262244371885203, 
        "trainFP": 4, 
        "trainRecall": 0.6203953022056717, 
        "testPrecision": 0.7316565499580436, 
        "testFN": 11, 
        "trainFN": 6622
    }, 
    "Linear SVM": {
        "testFP": 246, 
        "trainScore": 0.9220280721856202, 
        "trainReport": "             precision    recall  f1-score   support\n\n          0       0.93      0.89      0.91      7499\n          1       0.92      0.95      0.93      9956\n\navg / total       0.92      0.92      0.92     17455\n", 
        "testFscore": 0.9069095493378375, 
        "testTN": 2206, 
        "trainFscore": 0.9218069488403625, 
        "trainTN": 6666, 
        "trainPrecision": 0.9221641326945831, 
        "testScore": 0.9070286990891906, 
        "trainTP": 9428, 
        "testTP": 3072, 
        "testReport": "             precision    recall  f1-score   support\n\n          0       0.90      0.88      0.89      2501\n          1       0.91      0.93      0.92      3318\n\navg / total       0.91      0.91      0.91      5819\n", 
        "testRecall": 0.9070286990891906, 
        "trainFP": 528, 
        "trainRecall": 0.9220280721856202, 
        "testPrecision": 0.9069216622003282, 
        "testFN": 295, 
        "trainFN": 833
    }, 
    "Neural Net": {
        "testFP": 233, 
        "trainScore": 0.9333715267831567, 
        "trainReport": "             precision    recall  f1-score   support\n\n          0       0.93      0.91      0.92      7499\n          1       0.93      0.95      0.94      9956\n\navg / total       0.93      0.93      0.93     17455\n", 
        "testFscore": 0.9192221156616202, 
        "testTN": 2264, 
        "trainFscore": 0.9332722279633955, 
        "trainTN": 6833, 
        "trainPrecision": 0.9333519132048208, 
        "testScore": 0.9192301082660251, 
        "trainTP": 9459, 
        "testTP": 3085, 
        "testReport": "             precision    recall  f1-score   support\n\n          0       0.91      0.91      0.91      2501\n          1       0.93      0.93      0.93      3318\n\navg / total       0.92      0.92      0.92      5819\n", 
        "testRecall": 0.9192301082660251, 
        "trainFP": 497, 
        "trainRecall": 0.9333715267831567, 
        "testPrecision": 0.9192150064205882, 
        "testFN": 237, 
        "trainFN": 666
    }, 
    "RBF SVM": {
        "testFP": 312, 
        "trainScore": 0.9075336579776568, 
        "trainReport": "             precision    recall  f1-score   support\n\n          0       0.93      0.85      0.89      7499\n          1       0.89      0.95      0.92      9956\n\navg / total       0.91      0.91      0.91     17455\n", 
        "testFscore": 0.8808628633353041, 
        "testTN": 2121, 
        "trainFscore": 0.9068839515342092, 
        "trainTN": 6360, 
        "trainPrecision": 0.9089698922885371, 
        "testScore": 0.8810792232342327, 
        "trainTP": 9481, 
        "testTP": 3006, 
        "testReport": "             precision    recall  f1-score   support\n\n          0       0.87      0.85      0.86      2501\n          1       0.89      0.91      0.90      3318\n\navg / total       0.88      0.88      0.88      5819\n", 
        "testRecall": 0.8810792232342327, 
        "trainFP": 475, 
        "trainRecall": 0.9075336579776568, 
        "testPrecision": 0.880892133504883, 
        "testFN": 380, 
        "trainFN": 1139
    }, 
    "AdaBoost": {
        "testFP": 236, 
        "trainScore": 0.8931538241191636, 
        "trainReport": "             precision    recall  f1-score   support\n\n          0       0.90      0.85      0.87      7499\n          1       0.89      0.93      0.91      9956\n\navg / total       0.89      0.89      0.89     17455\n", 
        "testFscore": 0.8991470711839744, 
        "testTN": 2152, 
        "trainFscore": 0.8927218293621605, 
        "trainTN": 6358, 
        "trainPrecision": 0.8933393562629186, 
        "testScore": 0.8994672624162228, 
        "trainTP": 9232, 
        "testTP": 3082, 
        "testReport": "             precision    recall  f1-score   support\n\n          0       0.90      0.86      0.88      2501\n          1       0.90      0.93      0.91      3318\n\navg / total       0.90      0.90      0.90      5819\n", 
        "testRecall": 0.8994672624162228, 
        "trainFP": 724, 
        "trainRecall": 0.8931538241191636, 
        "testPrecision": 0.899523425388931, 
        "testFN": 349, 
        "trainFN": 1141
    }, 
    "Logistic Regression": {
        "testFP": 565, 
        "trainScore": 0.8701231738756803, 
        "trainReport": "             precision    recall  f1-score   support\n\n          0       0.81      0.92      0.86      7499\n          1       0.93      0.83      0.88      9956\n\navg / total       0.88      0.87      0.87     17455\n", 
        "testFscore": 0.8683217793348597, 
        "testTN": 2296, 
        "trainFscore": 0.8707527639389468, 
        "trainTN": 6877,